geoid_o,geoid_d,3/30/2020,3/6/2020,5/1/2020,8/21/2020,9/2/2020,9/4/2020,3/2/20 - 3/8/20,3/23/20 - 3/29/20,5/4/20 - 5/10/20,6/15/20 - 6/21/20,8/17/20 - 8/23/20,8/31/20 - 9/6/20,
55025000902,55025001102,55,1093,42,97,527,401,4417,639,489,244,488,1445,7.276556403
55025000902,55025001606,,218,,97,87,178,697,,244,,150,472,6.159095388
55025000902,55025001705,27,109,126,97,87,89,464,,,163,150,,0
55025000902,55025001804,27,,,,43,89,,,,,,,0
55025000902,55025000901,110,175,84,146,43,133,193,150,489,163,150,236,5.468060141
55025000902,55025001101,,809,84,97,527,446,3002,676,244,163,1053,885,6.786716951
55025000902,55025001605,,21,,48,87,89,77,,,,,,0
55025000902,55025001704,55,196,,48,,89,426,150,244,163,150,236,5.468060141
55025000902,55025001604,,218,126,195,219,267,484,,,163,300,236,5.468060141
55025000902,55025001603,27,262,42,97,87,267,1143,,795,,300,944,6.851184927
55025000902,55025001802,27,,42,,,,,150,,,,,0
55025000902,55025000300,,240,42,195,131,267,1201,451,979,856,1015,383,5.950642553
55025000902,55025000800,,109,168,292,263,312,697,,1040,326,300,472,6.159095388
55025000902,55025001000,,153,84,97,,178,484,,244,,,118,4.779123493
55025000902,55025003200,82,503,210,341,527,356,2208,451,734,1632,1353,1121,7.022868086
55025000902,55025010100,55,109,84,195,131,223,813,451,979,1673,977,619,6.429719478
55025000902,55025001200,55,153,,243,571,535,929,488,979,652,789,1475,7.297091005
55025000902,55025001300,,21,42,,43,,251,,244,,,,0
55025000902,55025001900,,87,,48,87,44,251,,795,204,150,236,5.468060141
55025000902,55025002100,,21,,48,,44,154,,,,,118,4.779123493
55025001102,55025000902,,123,,,,81,172,,,,,,0
55025001102,55025001606,37,351,,,123,243,1528,71,,1413,,842,6.736966958
55025001102,55025001705,,37,,,,162,103,,,565,,,0
55025001102,55025001804,,,,,123,81,,,,,,198,5.293304825
55025001102,55025000901,,18,,,,81,34,,,,,,0
55025001102,55025001101,12,1338,293,165,123,243,5475,71,,565,449,594,6.388561406
55025001102,55025001605,12,47,,,,,,,,,,,0
55025001102,55025001704,12,161,,,123,162,397,,,1272,,198,5.293304825
55025001102,55025001604,37,474,,165,492,162,1148,,1221,,449,198,5.293304825
55025001102,55025001603,12,484,146,165,123,162,2245,,3053,1696,449,1487,7.305188215
55025001102,55025001802,12,9,,,,,,,,,,,0
55025001102,55025000300,,123,,,,,466,,610,565,898,396,5.983936281
55025001102,55025000800,,37,,,369,81,43,,,,,198,5.293304825
55025001102,55025001000,,9,,,,,77,,,,,,0
55025001102,55025003200,,66,,,,,224,,,,,,0
55025001102,55025010100,,28,146,,,,172,,610,565,,198,5.293304825
55025001102,55025001200,24,113,,,123,81,483,,610,565,,396,5.983936281
55025001102,55025001300,,9,,,,,,,,565,,,0
55025001102,55025001900,,18,,,,,69,,,,,,0
55025001102,55025002100,12,9,,,,,69,,,,449,,0
55025001606,55025000902,33,146,,116,,,88,,504,,266,,0
55025001606,55025001102,16,4354,97,,748,465,18624,85,756,597,266,2218,7.704811923
55025001606,55025001705,16,159,97,232,204,291,693,,672,298,1995,919,6.82437367
55025001606,55025001804,,13,97,,,58,44,,336,,,,0
55025001606,55025000901,,26,,,,58,,,,,266,,0
55025001606,55025001101,,1858,,232,476,349,7925,449,672,298,731,1172,7.067319849
55025001606,55025001605,33,39,195,,476,291,275,363,,896,266,380,5.942799375
55025001606,55025001704,,199,,349,68,174,1155,406,336,597,798,380,5.942799375
55025001606,55025001604,,1659,97,349,136,232,3830,171,,597,1596,507,6.230481448
55025001606,55025001603,16,1818,195,698,476,1164,7363,855,420,2989,2927,4342,8.376320633
55025001606,55025001802,,,,,,58,,85,1093,896,,126,4.844187086
55025001606,55025000300,,159,97,349,136,232,561,85,,298,1064,697,6.548219103
55025001606,55025000800,,39,,,136,,44,,336,,,,0
55025001606,55025001000,,13,,,,,88,,,298,,,0
55025001606,55025003200,16,146,97,232,68,116,396,85,,,,126,4.844187086
55025001606,55025010100,16,39,,116,68,58,264,,,,,,0
55025001606,55025001200,49,398,292,349,340,407,1452,85,672,597,266,665,6.501289671
55025001606,55025001300,16,13,,,,,,,,,,,0
55025001606,55025001900,,13,,,,,220,171,,,,126,4.844187086
55025001606,55025002100,16,13,97,116,68,58,88,385,336,,,126,4.844187086
55025001705,55025000902,,225,,,86,50,229,,,,241,,0
55025001705,55025001102,,282,,89,216,203,1145,,,,753,663,6.498282149
55025001705,55025001606,,141,,133,43,50,374,136,,,,120,4.795790546
55025001705,55025001804,71,84,174,178,173,101,395,717,,482,482,241,5.488937726
55025001705,55025000901,,,,,43,,,,,120,,,0
55025001705,55025001101,,141,,178,43,50,978,273,,,,271,5.605802066
55025001705,55025001605,,112,43,44,173,203,166,307,230,,241,603,6.403574198
55025001705,55025001704,107,451,43,356,129,661,937,307,153,633,663,965,6.873163834
55025001705,55025001604,71,169,43,223,173,50,541,136,153,482,120,241,5.488937726
55025001705,55025001603,71,169,43,,43,101,999,136,,241,361,120,4.795790546
55025001705,55025001802,,56,131,267,173,152,,,460,452,120,241,5.488937726
55025001705,55025000300,,28,,,43,50,,170,,120,241,603,6.403574198
55025001705,55025000800,35,56,43,,,50,249,136,,,,,0
55025001705,55025001000,,,,,,,,,,,,241,5.488937726
55025001705,55025003200,,28,87,,43,50,166,136,306,120,,120,4.795790546
55025001705,55025010100,,28,,,86,,83,273,,,,241,5.488937726
55025001705,55025001200,71,141,,223,303,305,249,409,,120,301,723,6.584791392
55025001705,55025001300,71,84,,44,43,,270,,153,,241,120,4.795790546
55025001705,55025001900,35,366,174,89,86,305,708,546,153,814,241,120,4.795790546
55025001705,55025002100,35,56,43,,86,50,249,,,120,,120,4.795790546
55025001804,55025000902,,80,,104,,26,310,,,87,180,227,5.429345629
55025001804,55025001102,,160,,52,118,26,581,121,255,87,90,151,5.023880521
55025001804,55025001606,,80,,26,,26,77,,,,,,0
55025001804,55025001705,,213,,130,88,132,542,121,127,87,361,75,4.33073334
55025001804,55025000901,,,,,,,,,,,,,0
55025001804,55025001101,96,186,59,78,118,105,310,,255,,180,,0
55025001804,55025001605,,26,,,,26,,333,,,,75,4.33073334
55025001804,55025001704,64,160,29,26,59,,465,121,127,87,180,75,4.33073334
55025001804,55025001604,,,,52,29,52,77,,127,,180,303,5.717027701
55025001804,55025001603,,133,29,78,59,,310,121,,87,180,531,6.276643489
55025001804,55025001802,64,26,208,156,88,185,155,121,543,284,722,227,5.429345629
55025001804,55025000300,,,59,26,29,52,426,,127,87,180,379,5.940171253
55025001804,55025000800,,,,,,,,,,,,,0
55025001804,55025001000,,,,,,,,121,,,,,0
55025001804,55025003200,,53,59,26,59,,155,,127,,180,75,4.33073334
55025001804,55025010100,,26,29,26,29,26,155,,,262,271,75,4.33073334
55025001804,55025001200,64,133,89,52,88,52,717,485,127,394,406,227,5.429345629
55025001804,55025001300,32,26,,26,29,26,,,,,90,151,5.023880521
55025001804,55025001900,128,426,119,156,88,132,620,666,511,262,564,75,4.33073334
55025001804,55025002100,64,240,59,156,206,238,1007,363,511,284,451,834,6.727431725
55025000901,55025000902,109,319,104,,117,36,744,248,212,308,178,,0
55025000901,55025001102,,141,,,78,,744,496,212,,178,,0
55025000901,55025001606,,,69,47,78,,476,,,,,,0
55025000901,55025001705,,141,,47,78,36,625,248,,,178,100,4.615120517
55025000901,55025001804,,,,,,,,,,,,,0
55025000901,55025001101,,212,,,78,73,714,248,212,,,,0
55025000901,55025001605,36,35,,,,36,238,,212,,,,0
55025000901,55025001704,,106,34,95,39,,476,248,,,357,100,4.615120517
55025000901,55025001604,,,,,,,119,,,,,,0
55025000901,55025001603,,141,,,,,,496,,154,,,0
55025000901,55025001802,,35,,,39,36,,,,,,,0
55025000901,55025000300,36,70,69,,39,36,1667,744,638,654,535,903,6.80682936
55025000901,55025000800,36,141,34,95,78,109,357,434,850,308,535,100,4.615120517
55025000901,55025001000,109,70,34,95,,36,625,,212,,178,451,6.11368218
55025000901,55025003200,,70,,,,,357,,,308,178,,0
55025000901,55025010100,36,35,34,,39,36,238,,212,,893,100,4.615120517
55025000901,55025001200,219,248,34,47,156,73,1220,1240,,,535,200,5.303304908
55025000901,55025001300,,,,,,,,,,,178,100,4.615120517
55025000901,55025001900,,35,,,,36,476,,,,,,0
55025000901,55025002100,36,70,,,,,,,,,,,0
55025001101,55025000902,17,162,140,438,447,413,289,87,216,404,546,404,6.003887067
55025001101,55025001102,52,1757,140,438,1029,1101,9926,899,1405,1011,1740,3109,8.042378005
55025001101,55025001606,35,405,93,487,671,458,1477,87,216,202,409,809,6.697034248
55025001101,55025001705,,54,46,97,44,91,171,,,404,409,101,4.624972813
55025001101,55025001804,,27,,48,44,,85,87,,,,,0
55025001101,55025000901,,,,97,89,45,42,87,216,,409,353,5.869296913
55025001101,55025001605,,27,46,97,89,45,42,175,216,404,409,,0
55025001101,55025001704,17,189,,,,137,224,87,,758,136,202,5.313205979
55025001101,55025001604,,419,46,243,313,367,631,,,404,682,809,6.697034248
55025001101,55025001603,17,743,233,438,402,1009,2816,592,919,1415,2730,3008,8.009363077
55025001101,55025001802,,,,,,,42,,432,202,,,0
55025001101,55025000300,17,135,46,243,268,91,481,,432,606,955,556,6.32256524
55025001101,55025000800,52,94,,97,,,42,,,202,,101,4.624972813
55025001101,55025001000,,,,146,44,45,139,,,,,202,5.313205979
55025001101,55025003200,17,108,,97,134,137,256,,,202,307,303,5.717027701
55025001101,55025010100,,,46,,44,45,128,87,,606,273,303,5.717027701
55025001101,55025001200,122,378,280,975,268,367,1027,701,1730,606,1706,707,6.562444094
55025001101,55025001300,17,27,,,,,42,,,,,,0
55025001101,55025001900,,13,,,,,128,,,606,,,0
55025001101,55025002100,,27,,,44,45,,87,216,202,136,,0
55025001605,55025000902,,56,102,36,,33,76,,106,,102,,0
55025001605,55025001102,35,733,,,93,101,2465,125,106,198,102,79,4.382026635
55025001605,55025001606,70,310,136,144,124,169,477,125,318,322,256,238,5.476463552
55025001605,55025001705,70,141,136,253,155,101,535,125,557,99,512,317,5.762051383
55025001605,55025001804,35,56,34,108,31,135,248,125,106,99,435,238,5.476463552
55025001605,55025000901,,,,,,,,,,,,,0
55025001605,55025001101,35,451,68,72,62,,1299,282,530,,205,238,5.476463552
55025001605,55025001704,141,310,136,108,93,33,1204,910,132,818,1025,238,5.476463552
55025001605,55025001604,35,28,34,72,62,33,324,251,,198,205,79,4.382026635
55025001605,55025001603,,254,170,72,155,101,917,376,318,744,307,397,5.986452005
55025001605,55025001802,,84,,72,93,,305,125,424,347,,,0
55025001605,55025000300,,28,34,72,62,,248,439,318,496,102,79,4.382026635
55025001605,55025000800,,84,,,,,229,125,106,,,,0
55025001605,55025001000,,,,,,,,,,,,,0
55025001605,55025003200,106,141,102,181,93,101,382,502,530,297,410,158,5.068904202
55025001605,55025010100,,112,102,,31,33,152,,238,,,79,4.382026635
55025001605,55025001200,212,84,102,181,372,338,458,376,212,694,333,238,5.476463552
55025001605,55025001300,70,112,,,,33,,,106,99,205,158,5.068904202
55025001605,55025001900,,56,,72,31,,76,251,,99,307,79,4.382026635
55025001605,55025002100,,84,,72,62,,76,125,106,,205,,0
55025001704,55025000902,36,20,,45,,,86,,,,,,0
55025001704,55025001102,36,140,,45,,,736,458,,,,122,4.812184355
55025001704,55025001606,,80,,137,139,137,173,,,152,321,245,5.505331536
55025001704,55025001705,36,60,110,137,46,137,606,305,412,305,321,245,5.505331536
55025001704,55025001804,,20,110,137,,,86,152,619,,481,122,4.812184355
55025001704,55025000901,,,55,45,,,,152,,,,,0
55025001704,55025001101,,80,,,46,,650,,,,,,0
55025001704,55025001605,146,40,,91,139,274,346,305,,382,642,,0
55025001704,55025001604,36,60,,,46,45,,,,152,,,0
55025001704,55025001603,,40,55,91,,137,260,,,305,481,,0
55025001704,55025001802,,20,55,45,,45,86,,258,,321,,0
55025001704,55025000300,,60,55,,46,137,390,191,206,152,160,276,5.624017506
55025001704,55025000800,,40,55,,,,108,,,,160,,0
55025001704,55025001000,,,55,,,,86,,,152,,,0
55025001704,55025003200,,40,55,,,,281,152,,,,,0
55025001704,55025010100,,,55,,92,45,173,152,,,,245,5.505331536
55025001704,55025001200,36,40,55,137,92,45,86,,,,481,122,4.812184355
55025001704,55025001300,,,,,,,86,,,,321,,0
55025001704,55025001900,36,40,,183,,137,650,,,152,160,122,4.812184355
55025001704,55025002100,,,,45,46,45,86,152,,,,,0
55025001604,55025000902,18,90,,47,,40,,,,,158,,0
55025001604,55025001102,18,2406,154,239,854,613,13694,475,2944,351,2062,2692,7.898411093
55025001604,55025001606,55,481,102,191,314,245,1341,95,267,175,158,907,6.811244379
55025001604,55025001705,37,421,154,430,134,40,1407,,267,351,1150,362,5.894402834
55025001604,55025001804,,15,51,95,44,,52,,,351,317,,0
55025001604,55025000901,,,,,,81,,190,,,,,0
55025001604,55025001101,37,1112,257,430,404,531,5130,285,,,1427,1088,6.993015123
55025001604,55025001605,18,60,,286,89,122,157,,401,351,475,,0
55025001604,55025001704,37,616,51,191,89,245,1749,95,267,,634,272,5.609471795
55025001604,55025001603,111,1518,154,621,899,858,7090,1189,1606,2282,3172,3176,8.063692634
55025001604,55025001802,37,15,,47,,122,52,,535,394,,120,4.795790546
55025001604,55025000300,37,195,51,143,89,122,1012,95,,175,951,695,6.54534966
55025001604,55025000800,,45,,,44,,131,95,,,,241,5.488937726
55025001604,55025001000,,45,,,,40,236,,,,,,0
55025001604,55025003200,37,240,,47,,40,631,,,,,362,5.894402834
55025001604,55025010100,18,60,51,,44,40,263,,267,,158,453,6.118097198
55025001604,55025001200,37,165,308,334,314,245,618,285,1070,351,991,725,6.587550015
55025001604,55025001300,,,,95,,,,190,,,,,0
55025001604,55025001900,18,45,,143,44,,355,,267,,674,241,5.488937726
55025001604,55025002100,,15,51,,44,40,105,,803,,,120,4.795790546
55025001603,55025000902,36,25,,69,71,34,38,,,,222,85,4.454347296
55025001603,55025001102,36,1475,40,138,569,345,6671,221,506,450,494,967,6.875232087
55025001603,55025001606,54,353,81,484,391,380,1194,147,168,112,988,752,6.624065228
55025001603,55025001705,,100,81,276,71,172,359,,168,197,914,279,5.634789603
55025001603,55025001804,,12,40,,35,,77,,,,98,,0
55025001603,55025000901,18,25,,103,35,34,77,92,,,,,0
55025001603,55025001101,36,971,,242,284,172,3204,73,886,337,321,644,6.469250317
55025001603,55025001605,73,37,122,172,106,138,184,,549,,98,171,5.147494477
55025001603,55025001704,,151,163,207,178,172,670,73,506,337,420,257,5.552959585
55025001603,55025001604,,630,122,795,356,553,1485,221,675,957,1704,1117,7.019296654
55025001603,55025001802,,37,40,,35,,38,73,,337,,85,4.454347296
55025001603,55025000300,,75,40,207,35,103,660,147,168,225,815,558,6.326149473
55025001603,55025000800,,12,,,,34,38,,,,,,0
55025001603,55025001000,,12,,,,,77,,,140,,,0
55025001603,55025003200,,113,40,,35,103,271,,506,112,98,171,5.147494477
55025001603,55025010100,,37,,,,,194,73,168,,395,85,4.454347296
55025001603,55025001200,,163,,172,142,34,475,,,225,420,429,6.063785209
55025001603,55025001300,,12,,,,,38,,,,,,0
55025001603,55025001900,,37,,,,,77,,,,,,0
55025001603,55025002100,,,,,,,,,,,,,0
55025001802,55025000902,,,32,,,,188,,122,,,97,4.584967479
55025001802,55025001102,38,156,,,,85,659,,,116,242,,0
55025001802,55025001606,,,,,,,188,,,350,121,,0
55025001802,55025001705,77,156,32,37,222,127,1154,430,,350,364,218,5.38907173
55025001802,55025001804,155,375,225,300,489,213,659,717,490,263,485,607,6.410174882
55025001802,55025000901,38,,,,44,,,,,,242,,0
55025001802,55025001101,38,93,32,37,,85,282,143,,116,242,,0
55025001802,55025001605,,,,,,,,143,,,121,,0
55025001802,55025001704,,250,,37,44,85,282,143,367,,,194,5.272999559
55025001802,55025001604,,93,,,,42,282,287,,116,,194,5.272999559
55025001802,55025001603,,125,,,88,42,188,143,,233,364,388,5.963579344
55025001802,55025000300,,,32,,44,85,94,143,153,116,,194,5.272999559
55025001802,55025000800,,,32,37,,,94,143,122,116,,,0
55025001802,55025001000,,,,,,42,94,,,,,,0
55025001802,55025003200,38,,,,,,329,287,245,,242,194,5.272999559
55025001802,55025010100,,31,,37,,,94,,,,,,0
55025001802,55025001200,,62,96,,88,85,94,322,,116,242,,0
55025001802,55025001300,,31,32,,44,,,,122,,,97,4.584967479
55025001802,55025001900,155,312,96,150,44,170,1437,717,490,818,1214,194,5.272999559
55025001802,55025002100,38,125,,,88,85,730,,122,,121,194,5.272999559
55025000300,55025000902,79,259,,,,,355,,,125,117,427,6.059123196
55025000300,55025001102,79,211,,36,129,160,1402,135,362,,383,480,6.17586727
55025000300,55025001606,,,,,64,32,,135,,,,213,5.365976015
55025000300,55025001705,53,,30,110,32,128,79,,362,,500,,0
55025000300,55025001804,26,16,,36,,32,237,,,125,117,,0
55025000300,55025000901,,48,,,,,,,,125,147,,0
55025000300,55025001101,,146,,36,32,32,1027,135,543,313,383,,0
55025000300,55025001605,,,,,,32,79,135,,,,,0
55025000300,55025001704,,16,,36,,,316,271,362,,235,106,4.672828834
55025000300,55025001604,,32,,73,32,96,,,,,117,213,5.365976015
55025000300,55025001603,,32,,36,32,64,316,,,501,,106,4.672828834
55025000300,55025001802,,,,36,,32,158,,,,,106,4.672828834
55025000300,55025000800,610,1396,61,220,259,128,335,271,181,376,235,320,5.771441123
55025000300,55025001000,,,30,,64,128,79,,,125,117,320,5.771441123
55025000300,55025003200,106,146,123,220,292,224,651,1085,906,815,530,667,6.504288174
55025000300,55025010100,132,227,123,110,129,224,651,542,906,846,265,1041,6.948897222
55025000300,55025001200,53,32,,36,97,32,316,,181,,117,320,5.771441123
55025000300,55025001300,,,,,64,,237,,,,,106,4.672828834
55025000300,55025001900,26,32,,36,,64,158,,,,471,106,4.672828834
55025000300,55025002100,,32,,,64,,256,,181,,353,,0
55025000800,55025000902,123,161,38,33,69,79,702,127,,,197,109,4.700480366
55025000800,55025001102,,125,38,11,19,7,468,,120,233,182,172,5.153291594
55025000800,55025001606,,,,11,9,7,,127,120,,121,36,3.610917913
55025000800,55025001705,,89,,22,19,7,85,190,,,121,109,4.700480366
55025000800,55025001804,,,,,,7,106,,,,,,0
55025000800,55025000901,24,107,38,11,89,95,170,,180,155,60,136,4.919980926
55025000800,55025001101,49,89,,44,29,47,553,,,77,182,145,4.983606622
55025000800,55025001605,,53,,,9,,191,,120,77,,,0
55025000800,55025001704,,53,,,49,7,340,127,,77,60,72,4.290459441
55025000800,55025001604,,53,,,9,7,85,,,,121,,0
55025000800,55025001603,,35,,11,9,,340,,,,,36,3.610917913
55025000800,55025001802,,,,11,,,,127,,,,,0
55025000800,55025000300,49,89,95,99,159,317,2000,891,1291,1150,1109,309,5.736572297
55025000800,55025001000,98,71,38,22,39,,340,,,77,182,118,4.779123493
55025000800,55025003200,24,71,,44,39,71,553,,,311,364,236,5.468060141
55025000800,55025010100,73,53,38,11,49,55,617,477,510,389,364,72,4.290459441
55025000800,55025001200,24,53,,,59,15,510,254,240,389,121,145,4.983606622
55025000800,55025001300,,17,,,,,,,,,,,0
55025000800,55025001900,,17,,11,9,23,,127,,155,,109,4.700480366
55025000800,55025002100,,,19,,,,,,120,,,,0
55025001000,55025000902,58,211,48,53,109,40,536,,,,,123,4.820281566
55025001000,55025001102,29,52,,53,72,,335,,252,,334,,0
55025001000,55025001606,29,79,,,,40,357,,,,167,,0
55025001000,55025001705,,26,,53,,40,89,,,,,,0
55025001000,55025001804,,,,,,,,,,,167,,0
55025001000,55025000901,88,79,,,72,80,,138,,,,,0
55025001000,55025001101,,264,,,72,80,469,,,,,246,5.509388337
55025001000,55025001605,29,52,,161,36,40,,,,,167,,0
55025001000,55025001704,,52,,53,72,40,,138,,518,167,,0
55025001000,55025001604,29,52,,,,40,178,,,,,,0
55025001000,55025001603,,26,,,,,89,,252,259,167,493,6.202535517
55025001000,55025001802,,,,107,,,,,,,,,0
55025001000,55025000300,29,158,97,,,121,603,,252,259,167,123,4.820281566
55025001000,55025000800,58,26,48,161,72,,,,252,,417,123,4.820281566
55025001000,55025003200,58,26,48,,,,178,138,,518,167,123,4.820281566
55025001000,55025010100,,26,48,,,40,268,,505,777,585,123,4.820281566
55025001000,55025001200,,185,48,215,109,323,469,138,252,259,668,801,6.687108608
55025001000,55025001300,,26,,,,,,,,,334,123,4.820281566
55025001000,55025001900,,,48,53,,121,,,,259,167,,0
55025001000,55025002100,,,,,36,40,89,,,,,123,4.820281566
55025003200,55025000902,,111,30,,34,68,331,,,102,204,216,5.379897354
55025003200,55025001102,,445,30,82,103,137,2094,1856,1225,204,204,216,5.379897354
55025003200,55025001606,,,,,34,,82,109,,,,,0
55025003200,55025001705,,55,,,34,34,165,,204,,,72,4.290459441
55025003200,55025001804,,,,,,,,,,,,,0
55025003200,55025000901,,,,,,,,,,,,,0
55025003200,55025001101,,557,60,123,34,103,1430,327,,102,204,90,4.510859507
55025003200,55025001605,,,30,41,,,,,,,102,72,4.290459441
55025003200,55025001704,,27,,,,,165,218,,102,,,0
55025003200,55025001604,,27,,,,,,,,,,,0
55025003200,55025001603,36,27,,,,,539,,272,229,,72,4.290459441
55025003200,55025001802,36,27,,,34,34,,,272,,,,0
55025003200,55025000300,36,250,60,41,137,172,601,218,136,408,434,288,5.666426688
55025003200,55025000800,72,222,,,,,269,,272,280,102,72,4.290459441
55025003200,55025001000,,,,,,,,,,,102,,0
55025003200,55025010100,36,195,60,82,68,137,642,436,680,331,689,252,5.533389489
55025003200,55025001200,,55,30,,,,414,,,102,,72,4.290459441
55025003200,55025001300,,,,,,34,82,,,,,,0
55025003200,55025001900,,,,,,,82,109,136,,,,0
55025003200,55025002100,,,,,,,103,,136,,,,0
55025010100,55025000902,,208,57,77,74,36,406,,,,,,0
55025010100,55025001102,28,148,,,37,36,101,396,179,,179,,0
55025010100,55025001606,28,29,,38,,72,101,,359,,539,140,4.94875989
55025010100,55025001705,,148,,,,,203,,,,,,0
55025010100,55025001804,,29,,,,,,,,,,,0
55025010100,55025000901,,,28,38,,,101,,,,,,0
55025010100,55025001101,28,29,28,,,,406,,,,,,0
55025010100,55025001605,,,,,,,101,,,138,,,0
55025010100,55025001704,28,118,,,37,,305,198,,,,,0
55025010100,55025001604,,,,,,,,,,,,,0
55025010100,55025001603,57,,,,,,203,198,359,138,,140,4.94875989
55025010100,55025001802,,,,,,,101,,,,,,0
55025010100,55025000300,201,237,57,77,111,109,1169,594,899,1070,1123,1300,7.170888479
55025010100,55025000800,28,237,28,,74,72,432,,539,310,,281,5.641907071
55025010100,55025001000,,,,,,36,,,179,276,,281,5.641907071
55025010100,55025003200,144,237,144,115,260,218,1017,793,539,138,1258,878,6.778784898
55025010100,55025001200,,,57,,111,72,203,396,179,586,,421,6.045005314
55025010100,55025001300,,,,38,,,,,,,,,0
55025010100,55025001900,,,,,37,,203,198,,276,359,,0
55025010100,55025002100,,,,38,,36,,,,276,,140,4.94875989
55025001200,55025000902,117,220,36,112,278,368,402,131,,120,327,251,5.529429088
55025001200,55025001102,,816,73,149,198,245,3693,262,144,120,873,419,6.040254711
55025001200,55025001606,58,154,147,261,278,409,335,262,144,661,436,692,6.541029999
55025001200,55025001705,29,132,73,112,79,40,402,295,433,601,109,167,5.123963979
55025001200,55025001804,,22,73,37,39,,67,,144,120,218,83,4.430816799
55025001200,55025000901,,154,110,,159,122,335,131,433,210,,167,5.123963979
55025001200,55025001101,,905,257,373,516,655,3206,262,1012,842,1638,839,6.733401892
55025001200,55025001605,58,,147,149,159,204,453,624,144,240,819,524,6.263398263
55025001200,55025001704,,264,73,186,198,163,553,262,144,240,546,377,5.934894196
55025001200,55025001604,,110,36,149,79,81,553,131,144,,327,251,5.529429088
55025001200,55025001603,29,353,73,149,198,122,1158,426,433,722,546,503,6.222576268
55025001200,55025001802,,,36,74,39,,134,,325,120,,,0
55025001200,55025000300,,110,,112,79,40,839,525,470,601,218,83,4.430816799
55025001200,55025000800,29,44,36,74,39,40,67,,180,240,109,167,5.123963979
55025001200,55025001000,29,88,,37,79,122,621,,144,120,518,419,6.040254711
55025001200,55025003200,29,132,,37,198,122,621,,,511,109,251,5.529429088
55025001200,55025010100,87,110,110,37,119,122,201,426,578,481,327,251,5.529429088
55025001200,55025001300,87,132,73,261,39,122,268,131,578,361,327,335,5.81711116
55025001200,55025001900,,88,,186,39,204,369,,,120,327,335,5.81711116
55025001200,55025002100,,88,,37,,,201,262,144,120,109,146,4.990432587
55025001300,55025000902,,145,,,,,619,,,319,,,0
55025001300,55025001102,,145,,,37,,464,,,,,358,5.883322388
55025001300,55025001606,41,48,,84,37,33,503,230,,159,153,,0
55025001300,55025001705,82,48,45,,,,154,230,,,,,0
55025001300,55025001804,41,97,,42,37,33,,,,,,,0
55025001300,55025000901,41,,45,,,,,,,,,,0
55025001300,55025001101,,,,,,,154,,,,367,,0
55025001300,55025001605,,,,,,67,,,,159,122,,0
55025001300,55025001704,41,48,90,,,,,,247,,,,0
55025001300,55025001604,,97,45,,37,,154,,198,,,,0
55025001300,55025001603,,,,,37,,542,,,159,122,,0
55025001300,55025001802,,,,84,,33,,,,,,,0
55025001300,55025000300,41,291,45,84,,,464,230,198,159,244,238,5.476463552
55025001300,55025000800,,,,42,74,,,461,,159,122,,0
55025001300,55025001000,,,,42,37,67,309,,,,,119,4.787491743
55025001300,55025003200,41,48,90,,,,581,,198,,244,358,5.883322388
55025001300,55025010100,,48,,,37,,,,,159,367,,0
55025001300,55025001200,,97,90,42,74,100,309,461,396,159,122,268,5.59471138
55025001300,55025001900,,194,,168,74,100,774,230,396,479,122,358,5.883322388
55025001300,55025002100,41,48,45,42,37,33,154,461,198,,,,0
55025001900,55025000902,,,,,,,,,,133,,,0
55025001900,55025001102,,77,37,85,,,963,,484,,378,117,4.770684624
55025001900,55025001606,29,,,,45,43,335,,,,,117,4.770684624
55025001900,55025001705,59,212,37,170,135,172,879,135,484,133,630,351,5.863631176
55025001900,55025001804,59,96,,128,271,302,586,407,484,399,1386,849,6.745236349
55025001900,55025000901,,19,,,,,,,,,,,0
55025001900,55025001101,,77,,42,,,335,203,,,,,0
55025001900,55025001605,29,38,74,170,45,129,418,135,,133,252,234,5.459585514
55025001900,55025001704,88,270,111,42,45,129,858,,161,,126,117,4.770684624
55025001900,55025001604,29,19,74,85,90,86,83,,,,,234,5.459585514
55025001900,55025001603,,96,,,,43,607,135,484,133,,234,5.459585514
55025001900,55025001802,118,57,185,42,181,216,167,,847,399,693,351,5.863631176
55025001900,55025000300,,19,,,45,172,335,,322,266,126,,0
55025001900,55025000800,,135,,,,,,,322,,,,0
55025001900,55025001000,,38,,,45,43,272,,,266,126,117,4.770684624
55025001900,55025003200,29,19,37,42,45,,83,271,161,133,252,351,5.863631176
55025001900,55025010100,,19,,,,,,,161,,252,,0
55025001900,55025001200,59,77,74,128,135,216,418,542,363,266,504,409,6.01615716
55025001900,55025001300,,19,,85,,,83,135,161,266,126,117,4.770684624
55025001900,55025002100,88,135,334,213,271,302,502,542,322,532,504,468,6.150602768
55025002100,55025000902,65,25,27,,,,306,457,,108,,,0
55025002100,55025001102,,50,,60,,64,204,,146,163,,97,4.584967479
55025002100,55025001606,,75,,30,,,229,152,,,,,0
55025002100,55025001705,,251,27,60,138,32,919,,,462,293,97,4.584967479
55025002100,55025001804,65,100,27,30,34,193,613,304,292,244,293,318,5.765191103
55025002100,55025000901,,25,,,,,,,,,,,0
55025002100,55025001101,,75,54,,69,32,204,,146,108,,,0
55025002100,55025001605,,,,30,,64,,,,,195,,0
55025002100,55025001704,32,75,,60,,64,204,304,,,,,0
55025002100,55025001604,,150,27,,,96,,,,108,97,195,5.278114659
55025002100,55025001603,,25,,30,34,64,127,,,217,97,97,4.584967479
55025002100,55025001802,65,25,27,30,69,64,408,152,146,108,97,97,4.584967479
55025002100,55025000300,32,25,,91,,,,609,439,217,318,,0
55025002100,55025000800,65,50,,,,96,102,,146,,,,0
55025002100,55025001000,65,25,,,,,,,,,,,0
55025002100,55025003200,,,54,60,,64,,,292,217,97,,0
55025002100,55025010100,,50,,,34,32,306,,439,,,,0
55025002100,55025001200,65,50,,,34,64,306,304,146,,293,195,5.278114659
55025002100,55025001300,32,100,27,30,,32,408,304,256,,,97,4.584967479
55025002100,55025001900,196,452,244,182,208,387,2938,686,805,1495,391,685,6.530877628
